rss,heapTotal,heapUsed,external
23470080,7159808,4604792,8608
22827008,8208384,4818320,8608
22388736,8208384,4816080,8608
22351872,8208384,4783728,8608
22347776,8208384,4783696,8608
22315008,8208384,4783424,8608
22315008,8208384,4783632,8608
22323200,8208384,4783552,8608
22319104,8208384,4783536,8608
22319104,8208384,4783536,8608
22319104,8208384,4783744,8608
22306816,8208384,4783552,8608
22302720,8208384,4783744,8608
22302720,8208384,4783536,8608
22306816,8208384,4783744,8608
22310912,8208384,4783552,8608
22306816,8208384,4783744,8608
22306816,8208384,4783536,8608
22306816,8208384,4783744,8608
22310912,8208384,4783552,8608
22306816,8208384,4783744,8608
22306816,8208384,4783536,8608
22306816,8208384,4783744,8608
22310912,8208384,4783552,8608
22306816,8208384,4783744,8608
22306816,8208384,4783536,8608
22306816,8208384,4783744,8608
22310912,8208384,4783552,8608
22306816,8208384,4783744,8608
22306816,8208384,4783536,8608
22306816,8208384,4783744,8608
22310912,8208384,4783552,8608
22306816,8208384,4783744,8608
22306816,8208384,4783536,8608
22306816,8208384,4783744,8608
22310912,8208384,4783552,8608
22306816,8208384,4783744,8608
22306816,8208384,4783536,8608
22306816,8208384,4783744,8608
22310912,8208384,4783552,8608
22306816,8208384,4783744,8608
22306816,8208384,4783536,8608
22306816,8208384,4783744,8608
22310912,8208384,4783552,8608
22306816,8208384,4783744,8608
22306816,8208384,4783536,8608
22306816,8208384,4783744,8608
22310912,8208384,4783552,8608
22306816,8208384,4783744,8608
22306816,8208384,4783536,8608
22306816,8208384,4783744,8608
22310912,8208384,4783552,8608
22306816,8208384,4783744,8608
22306816,8208384,4783536,8608
22306816,8208384,4783744,8608
22310912,8208384,4783552,8608
22306816,8208384,4783744,8608
22306816,8208384,4783536,8608
22306816,8208384,4783744,8608
22310912,8208384,4783552,8608
22306816,8208384,4783744,8608
22306816,8208384,4783536,8608
22306816,8208384,4783744,8608
22310912,8208384,4783552,8608
22306816,8208384,4783744,8608
22306816,8208384,4783536,8608
22306816,8208384,4783744,8608
22310912,8208384,4783552,8608
22306816,8208384,4783744,8608
22306816,8208384,4783536,8608
22306816,8208384,4783744,8608
22310912,8208384,4783552,8608
22306816,8208384,4783744,8608
22306816,8208384,4783536,8608
22306816,8208384,4783744,8608
22310912,8208384,4783552,8608
22306816,8208384,4783744,8608
22306816,8208384,4783536,8608
22306816,8208384,4783744,8608
22310912,8208384,4783552,8608
22306816,8208384,4783744,8608
22306816,8208384,4783536,8608
22306816,8208384,4783744,8608
22310912,8208384,4783552,8608
22306816,8208384,4783744,8608
22306816,8208384,4783536,8608
22306816,8208384,4783744,8608
22310912,8208384,4783552,8608
22306816,8208384,4783744,8608
22306816,8208384,4783536,8608
22306816,8208384,4783744,8608
22310912,8208384,4783552,8608
22306816,8208384,4783744,8608
22310912,8208384,4783536,8608
23498752,8208384,4789016,8608
23502848,8208384,4788824,8608
23498752,8208384,4789016,8608
23498752,8208384,4788808,8608
23498752,8208384,4789016,8608
23502848,8208384,4788824,8608
23498752,8208384,4789016,8608
23498752,8208384,4788808,8608
23502848,8208384,4789016,8608
23506944,8208384,4788824,8608
23502848,8208384,4789016,8608
23502848,8208384,4788808,8608
23502848,8208384,4789016,8608
23506944,8208384,4788824,8608
23502848,8208384,4789016,8608
23502848,8208384,4788808,8608
23502848,8208384,4789016,8608
23506944,8208384,4788824,8608
23502848,8208384,4789016,8608
23502848,8208384,4788808,8608
23502848,8208384,4789016,8608
23506944,8208384,4788824,8608
23502848,8208384,4789016,8608
23502848,8208384,4788808,8608
23502848,8208384,4789016,8608
23506944,8208384,4788824,8608
23502848,8208384,4789016,8608
23502848,8208384,4788808,8608
23502848,8208384,4789016,8608
23506944,8208384,4788824,8608
23502848,8208384,4789016,8608
23502848,8208384,4788808,8608
23502848,8208384,4789016,8608
23506944,8208384,4788824,8608
23502848,8208384,4789016,8608
23502848,8208384,4788808,8608
23502848,8208384,4789016,8608
23506944,8208384,4788824,8608
23502848,8208384,4789016,8608
23502848,8208384,4788808,8608
23502848,8208384,4789016,8608
23506944,8208384,4788824,8608
23502848,8208384,4789016,8608
23502848,8208384,4788808,8608
23502848,8208384,4789016,8608
23506944,8208384,4788824,8608
23502848,8208384,4789016,8608
23502848,8208384,4788808,8608
23502848,8208384,4789016,8608
23506944,8208384,4788824,8608
23502848,8208384,4789016,8608
23502848,8208384,4788808,8608
23502848,8208384,4789016,8608
23506944,8208384,4788824,8608
23502848,8208384,4789016,8608
23502848,8208384,4788808,8608
23502848,8208384,4789016,8608
23506944,8208384,4788824,8608
23502848,8208384,4789016,8608
23502848,8208384,4788808,8608
23502848,8208384,4789016,8608
23506944,8208384,4788824,8608
23502848,8208384,4789016,8608
23502848,8208384,4788808,8608
23502848,8208384,4789016,8608
23506944,8208384,4788824,8608
23502848,8208384,4789016,8608
23502848,8208384,4788808,8608
23502848,8208384,4789016,8608
23506944,8208384,4788824,8608
23502848,8208384,4789016,8608
23502848,8208384,4788808,8608
23502848,8208384,4789016,8608
23506944,8208384,4788824,8608
23502848,8208384,4789016,8608
23502848,8208384,4788808,8608
23502848,8208384,4789016,8608
23506944,8208384,4788824,8608
23502848,8208384,4789016,8608
23502848,8208384,4788808,8608
23502848,8208384,4789016,8608
23506944,8208384,4788824,8608
23502848,8208384,4789016,8608
23502848,8208384,4788808,8608
23502848,8208384,4789016,8608
23506944,8208384,4788824,8608
23502848,8208384,4789016,8608
23502848,8208384,4788808,8608
23502848,8208384,4789016,8608
23506944,8208384,4788824,8608
23502848,8208384,4789016,8608
23502848,8208384,4788808,8608
23502848,8208384,4789016,8608
23506944,8208384,4788824,8608
23502848,8208384,4789016,8608
23502848,8208384,4788808,8608
23502848,8208384,4789016,8608
23506944,8208384,4788824,8608
23502848,8208384,4789016,8608
23502848,8208384,4788808,8608
23502848,8208384,4789016,8608
23506944,8208384,4788824,8608
23502848,8208384,4789016,8608
23502848,8208384,4788808,8608
23502848,8208384,4789016,8608
23506944,8208384,4788824,8608
23502848,8208384,4789016,8608
23502848,8208384,4788808,8608
23502848,8208384,4789016,8608
23506944,8208384,4788824,8608
23502848,8208384,4789016,8608
23502848,8208384,4788808,8608
23502848,8208384,4789016,8608
23506944,8208384,4788824,8608
23502848,8208384,4789016,8608
23502848,8208384,4788808,8608
23502848,8208384,4789016,8608
23506944,8208384,4788824,8608
23502848,8208384,4789016,8608
23502848,8208384,4788808,8608
23502848,8208384,4789016,8608
23506944,8208384,4788824,8608
23502848,8208384,4789016,8608
23502848,8208384,4788808,8608
23502848,8208384,4789016,8608
23506944,8208384,4788824,8608
23502848,8208384,4789016,8608
23502848,8208384,4788808,8608
23502848,8208384,4789016,8608
23506944,8208384,4788824,8608
23506944,8208384,4789016,8608
23506944,8208384,4788808,8608
23506944,8208384,4789016,8608
23511040,8208384,4788824,8608
23506944,8208384,4789016,8608
23506944,8208384,4788808,8608
23506944,8208384,4789016,8608
23511040,8208384,4788824,8608
23506944,8208384,4789016,8608
23506944,8208384,4788808,8608
23511040,8208384,4789000,16800
23506944,8208384,4788776,8608
23506944,8208384,4788984,8608
23506944,8208384,4788776,8608
23502848,8208384,4789000,8608
23498752,8208384,4788776,8608
23498752,8208384,4788984,8608
23498752,8208384,4788776,8608
23502848,8208384,4789000,8608
23498752,8208384,4788776,8608
23498752,8208384,4788984,8608
23498752,8208384,4788776,8608
23502848,8208384,4789000,8608
23502848,8208384,4788776,8608
23502848,8208384,4788984,8608
23502848,8208384,4788776,8608
23506944,8208384,4789000,8608
23502848,8208384,4788776,8608
23502848,8208384,4788984,8608
23502848,8208384,4788776,8608
23506944,8208384,4789000,8608
23502848,8208384,4788776,8608
23502848,8208384,4788984,8608
23502848,8208384,4788776,8608
23506944,8208384,4789000,8608
23502848,8208384,4788776,8608
23502848,8208384,4788984,8608
23502848,8208384,4788776,8608
23506944,8208384,4789000,8608
23502848,8208384,4788776,8608
23502848,8208384,4788984,8608
23502848,8208384,4788776,8608
23506944,8208384,4789000,8608
23502848,8208384,4788776,8608
23502848,8208384,4788984,8608
23502848,8208384,4788776,8608
23506944,8208384,4789000,8608
23502848,8208384,4788776,8608
23502848,8208384,4788984,8608
23502848,8208384,4788776,8608
23506944,8208384,4789000,8608
23502848,8208384,4788776,8608
23502848,8208384,4788984,8608
23502848,8208384,4788776,8608
23506944,8208384,4789000,8608
23502848,8208384,4788776,8608
23502848,8208384,4788984,8608
23502848,8208384,4788776,8608
23506944,8208384,4789000,8608
23502848,8208384,4788776,8608
23502848,8208384,4788984,8608
23502848,8208384,4788776,8608
23506944,8208384,4789000,8608
23502848,8208384,4788776,8608
23502848,8208384,4788984,8608
23502848,8208384,4788776,8608
23506944,8208384,4789000,8608
23502848,8208384,4788776,8608
23502848,8208384,4788984,8608
23502848,8208384,4788776,8608
23506944,8208384,4789000,8608
23502848,8208384,4788776,8608
23502848,8208384,4788984,8608
23502848,8208384,4788776,8608
23506944,8208384,4789000,8608
23502848,8208384,4788776,8608
23502848,8208384,4788984,8608
23502848,8208384,4788776,8608
23506944,8208384,4789000,8608
23502848,8208384,4788776,8608
23502848,8208384,4788984,8608
23502848,8208384,4788776,8608
23506944,8208384,4789000,8608
23502848,8208384,4788776,8608
23502848,8208384,4788984,8608
23502848,8208384,4788776,8608
23506944,8208384,4789000,8608
23502848,8208384,4788776,8608
23502848,8208384,4788984,8608
23502848,8208384,4788776,8608
23506944,8208384,4789000,8608
23502848,8208384,4788776,8608
23502848,8208384,4788984,8608
23502848,8208384,4788776,8608
23506944,8208384,4789000,8608
23502848,8208384,4788776,8608
23502848,8208384,4788984,8608
23502848,8208384,4788776,8608
23506944,8208384,4789000,8608
23502848,8208384,4788776,8608
23502848,8208384,4788984,8608
23502848,8208384,4788776,8608
23506944,8208384,4789000,8608
23502848,8208384,4788776,8608
23502848,8208384,4788984,8608
23502848,8208384,4788776,8608
23506944,8208384,4789000,8608
23502848,8208384,4788776,8608
23502848,8208384,4788984,8608
23502848,8208384,4788776,8608
23506944,8208384,4789000,8608
23502848,8208384,4788776,8608
23502848,8208384,4788984,8608
23502848,8208384,4788776,8608
23506944,8208384,4789000,8608
23502848,8208384,4788776,8608
23502848,8208384,4788984,8608
23502848,8208384,4788776,8608
23506944,8208384,4789000,8608
23502848,8208384,4788776,8608
23502848,8208384,4788984,8608
23502848,8208384,4788776,8608
23506944,8208384,4789000,8608
23502848,8208384,4788776,8608
23502848,8208384,4788984,8608
23502848,8208384,4788776,8608
23506944,8208384,4789000,8608
23502848,8208384,4788776,8608
23502848,8208384,4788984,8608
23502848,8208384,4788776,8608
23506944,8208384,4789000,8608
23502848,8208384,4788776,8608
23502848,8208384,4788984,8608
23502848,8208384,4788776,8608
23506944,8208384,4789000,8608
23502848,8208384,4788776,8608
23502848,8208384,4788984,8608
23502848,8208384,4788776,8608
23506944,8208384,4789000,8608
23502848,8208384,4788776,8608
23502848,8208384,4788984,8608
23502848,8208384,4788776,8608
23506944,8208384,4789000,8608
23502848,8208384,4788776,8608
23502848,8208384,4788984,8608
23502848,8208384,4788776,8608
23506944,8208384,4789000,8608
23502848,8208384,4788776,8608
23502848,8208384,4788984,8608
23502848,8208384,4788776,8608
23506944,8208384,4789000,8608
23502848,8208384,4788776,8608
23502848,8208384,4788984,8608
23502848,8208384,4788776,8608
23506944,8208384,4789000,8608
23502848,8208384,4788776,8608
23502848,8208384,4788984,8608
23502848,8208384,4788776,8608
23506944,8208384,4789000,8608
23502848,8208384,4788776,8608
23502848,8208384,4788984,8608
23502848,8208384,4788776,8608
23506944,8208384,4789000,8608
23502848,8208384,4788776,8608
23502848,8208384,4788984,8608
23502848,8208384,4788776,8608
23506944,8208384,4789000,8608
23502848,8208384,4788776,8608
23502848,8208384,4788984,8608
23502848,8208384,4788776,8608
23506944,8208384,4789000,8608
23502848,8208384,4788776,8608
23502848,8208384,4788984,8608
23502848,8208384,4788776,8608
23506944,8208384,4789000,8608
23502848,8208384,4788776,8608
23502848,8208384,4788984,8608
23502848,8208384,4788776,8608
23506944,8208384,4789000,8608
23502848,8208384,4788776,8608
23502848,8208384,4788984,8608
23502848,8208384,4788776,8608
23506944,8208384,4789000,8608
23502848,8208384,4788776,8608
23502848,8208384,4788984,8608
23502848,8208384,4788776,8608
23506944,8208384,4789000,8608
23502848,8208384,4788776,8608
23502848,8208384,4788984,8608
23502848,8208384,4788776,8608
23506944,8208384,4789000,8608
23502848,8208384,4788776,8608
23502848,8208384,4788984,8608
23502848,8208384,4788776,8608
23506944,8208384,4789000,8608
23502848,8208384,4788776,8608
23502848,8208384,4788984,8608
23502848,8208384,4788776,8608
23506944,8208384,4789000,8608
23502848,8208384,4788776,8608
23502848,8208384,4788984,8608
23502848,8208384,4788776,8608
23506944,8208384,4789000,8608
23502848,8208384,4788776,8608
23502848,8208384,4788984,8608
23502848,8208384,4788776,8608
23506944,8208384,4789000,8608
23502848,8208384,4788776,8608
23502848,8208384,4788984,8608
23502848,8208384,4788776,8608
23506944,8208384,4789000,8608
23502848,8208384,4788776,8608
23502848,8208384,4788984,8608
23502848,8208384,4788776,8608
23506944,8208384,4789000,8608
23502848,8208384,4788776,8608
23502848,8208384,4788984,8608
23502848,8208384,4788776,8608
23506944,8208384,4789000,8608
23502848,8208384,4788776,8608
23502848,8208384,4788984,8608
23502848,8208384,4788776,8608
23506944,8208384,4789000,8608
23502848,8208384,4788776,8608
23502848,8208384,4788984,8608
23502848,8208384,4788776,8608
23506944,8208384,4789000,8608
23502848,8208384,4788776,8608
23502848,8208384,4788984,8608
23502848,8208384,4788776,8608
23506944,8208384,4789000,8608
23502848,8208384,4788776,8608
23502848,8208384,4788984,8608
